client_nom;client_prenom;client_rue;client_ville;client_codepo;client_telephone;client_mail;client_type;client_siret
Drake;Bevis;881-7382 Nibh. Rue;Calbuco;302396;04 91 89 74 45;sit.amet@pellentesqueSeddictum.org;par;909084022-00005
Mckee;Rahim;947-7352 Dictum Av.;Monghidoro;1696;02 35 64 78 90;ut.ipsum.ac@adipiscing.com;pro;598324044-00000
Beach;Rosalyn;6146 Et Av.;Dannevirke;0092 AR;01 95 44 08 10;dapibus@Vestibulum.org;pro;813000023-00008
Bowers;Liberty;Appartement 789-4849 Urna. Route;Ross-on-Wye;2852;09 25 49 20 65;Nulla@faucibus.ca;pro;657796587-00001
Calderon;Kamal;8546 Semper Impasse;Kolkata;89074;04 36 23 41 41;per.conubia.nostra@Quisque.org;pro;435527437-00006
Bray;Britanni;Appartement 441-318 Odio. Av.;Biarritz;09424;04 84 30 84 59;sociis.natoque.penatibus@orcisem.ca;pro;325530491-00001
Douglas;Taylor;CP 430, 4957 Dictum Route;Fallais;560666;01 11 29 49 43;elit.elit@Etiamligulatortor.edu;par;435552971-00002
Graham;Olivia;Appartement 756-5982 Tempor Rue;Owerri;87577;01 43 69 83 39;semper@nequeIn.net;pro;283253300-00000
Reese;Phelan;Appartement 831-6042 Magnis Ave;Borgomaro;7838;08 24 29 93 20;in@atarcuVestibulum.net;par;783707565-00009
Sexton;Priscilla;760-4921 Aliquam, Chemin;Yungay;V6A 3FA;04 94 58 97 24;eros.Nam@Nunc.edu;par;024681165-00007
Hartman;Colby;7918 Sed Avenue;Joncret;4554;07 84 68 89 67;tempus.non.lacinia@at.edu;pro;622198224-00009
Owen;Christopher;Appartement 421-274 Tempus Chemin;Durg;65845;02 90 24 78 84;Duis.cursus@tellusidnunc.com;par;572989267-00008
Maddox;Jenette;465-5516 Mollis Route;Barghe;29130-706;09 31 44 77 04;nonummy@Aliquamfringillacursus.ca;par;978194876-00006
Reyes;James;641-2724 Vel Rd.;Fort Providence;509106;09 17 45 04 96;mauris.Integer.sem@nibh.net;pro;185289725-00003
Le;Rina;9756 Non, Route;Boston;473770;07 58 20 73 10;Phasellus@ultriciesligula.edu;pro;428632756-00006
Kerr;Mariko;CP 424, 8915 Nunc Chemin;Pangnirtung;35016;03 73 65 14 58;tempus@velitSedmalesuada.co.uk;pro;127975829-00004
Snyder;Fiona;CP 370, 8133 Nulla Avenue;Ronciglione;99-789;08 42 82 78 55;Integer@vitaediam.ca;par;393430319-00003
Wagner;Leah;CP 348, 4870 Amet Avenue;Vicuña;BT2K 4LK;03 55 93 81 59;Praesent.eu@purusDuiselementum.edu;par;454580093-00002
Gibson;Jin;Appartement 937-9760 Magna. Rue;Çeşme;75611;06 33 70 75 32;nec@Proinvelarcu.ca;pro;584861124-00009
Wells;Alana;CP 326, 6556 Tortor Chemin;Ulm;170878;03 16 24 45 23;quam.Pellentesque@elementum.co.uk;par;416345239-00006
Lloyd;Gwendolyn;CP 171, 1178 Tellus Ave;Sittard;52946;03 49 33 67 50;lacus@acmattissemper.com;pro;951550375-00004
Curry;Angelica;4823 Erat Chemin;Sittard;139396;08 65 24 54 31;lacinia.mattis.Integer@ullamcorper.org;par;746738186-00004
Berry;Mannix;4745 Sem Rue;Barmouth;66409;02 60 01 24 59;sed.pede.nec@interdumliberodui.edu;pro;242948842-00008
Cherry;Ebony;1460 Nisi. Ave;Vaughan;417275;05 50 08 84 65;adipiscing.non@vitaemaurissit.org;par;320910565-00003
Carver;Zelda;537-2543 Phasellus Rue;Senftenberg;11829;04 39 90 32 12;sed@dapibusquam.com;par;471673244-00003
Pacheco;Aline;6601 Sed Rue;Trieste;2756 JR;02 39 61 10 93;ante.blandit@imperdietullamcorperDuis.edu;pro;593624547-00000
Graves;Kevin;8838 Proin Avenue;Palmilla;26057;07 93 44 95 49;mi.eleifend.egestas@diamlorem.org;pro;122853963-00009
Riggs;Daphne;750-460 Mauris. Ave;Millesimo;409798;05 84 24 39 68;posuere@nibhAliquamornare.com;pro;765737622-00009
Rhodes;Coby;CP 600, 1832 Dapibus Av.;Saint-Dizier;877926;07 01 30 89 68;Fusce.diam@nectempus.com;pro;373820174-00002
Fields;Amanda;Appartement 499-2504 Cras Avenue;Saint-Prime;99171;05 83 62 39 72;augue.porttitor@risusaultricies.com;pro;243797701-00006
Pickett;Sheila;6507 Sit Ave;Sennariolo;3606;03 06 71 64 02;porttitor@hendreritnequeIn.ca;par;490924792-00008
Hunter;Regan;1704 Ipsum. Impasse;Panipat;66214;07 52 62 77 91;adipiscing@Maecenasiaculis.edu;par;532638038-00002
Lynch;William;706-1017 Ac Rue;Vichuquén;86382-965;09 86 95 87 20;Morbi.quis@elitpedemalesuada.com;pro;201395852-00001
Norton;Hannah;4594 Pede Route;Montague;44827;07 93 92 79 12;eget@vulputatevelit.ca;pro;893836841-00005
Love;Briar;CP 901, 3564 Et, Impasse;Doues;5302;07 78 67 90 44;libero.mauris.aliquam@Loremipsum.com;par;016439697-00000
Richardson;Hillary;Appartement 226-7686 Risus Avenue;Ketchikan;38446;05 14 43 09 34;in.consequat.enim@Maurisvestibulum.co.uk;par;147774434-00004
Daugherty;Gannon;CP 950, 7540 Eu, Avenue;Cumberland County;2224;07 16 28 90 50;Suspendisse.aliquet.molestie@Aliquamrutrum.ca;pro;982602088-00006
Rocha;Nina;CP 832, 8467 Ultrices Rue;Konya;675181;07 26 20 53 73;Cras@cursusinhendrerit.org;par;895392751-00007
Everett;Brielle;CP 547, 1608 Ut Av.;Pilibhit;59124;01 91 54 90 91;placerat@acurnaUt.ca;par;173730573-00008
Finch;Rhona;Appartement 534-9168 Auctor, Avenue;Curepto;6097;09 10 17 48 70;Morbi@euultrices.ca;par;734670292-00006
Norman;Otto;644-3810 Nulla. Rd.;Trois-Rivières;741356;06 32 13 03 96;tristique.pellentesque.tellus@commodo.co.uk;pro;215208265-00003
Mcguire;Wesley;Appartement 197-7080 Ac, Av.;Telfs;35-717;06 20 94 93 83;ac.metus.vitae@tempor.com;pro;867708133-00006
Richmond;Karyn;CP 124, 5309 Quis, Avenue;Detroit;5120;03 62 66 15 15;facilisis.lorem@velitSedmalesuada.net;pro;188500383-00008
Dillon;Alice;6383 Nec Impasse;Tuscaloosa;85025-146;05 65 14 37 34;tincidunt.orci@Etiamligula.org;par;079135711-00004
Norris;Josiah;5900 Ullamcorper Av.;Segovia;298312;01 86 76 54 47;hendrerit.neque@malesuadautsem.org;pro;820166411-00000
Harris;Cadman;851-5529 Mollis Ave;Moustier-sur-Sambre;28796;04 36 74 83 37;interdum.Nunc.sollicitudin@nequesedsem.com;pro;708364088-00003
Serrano;Scarlet;Appartement 973-3593 Non, Rd.;Kelkheim;8827;06 48 43 89 20;eleifend.Cras@Aliquamtincidunt.edu;pro;150619963-00005
Downs;Arden;4000 Ac Ave;Richmond Hill;92740-769;08 76 80 34 34;velit.Pellentesque.ultricies@duiCum.ca;pro;296482425-00000
Miranda;Alma;3141 Ante. Av.;Nashik;1742;04 63 35 53 24;sit.amet@QuisquevariusNam.edu;pro;951774058-00006
Bryant;Evangeline;781-1396 Pulvinar Rue;Gaithersburg;22206;09 35 37 25 32;elit.pretium.et@et.org;par;528163140-00007
Downs;Samuel;CP 720, 7166 Morbi Av.;LaSalle;14215;01 04 93 15 39;tempus@elit.com;pro;756052478-00002
Griffith;Brenna;8734 Id, Avenue;Vadodara;11407;04 11 34 89 31;fringilla.ornare@Fusce.co.uk;par;346676117-00002
Arnold;Sigourney;Appartement 142-5609 Lobortis Av.;Retford;6097;05 53 25 70 13;ante.iaculis.nec@Maurisnulla.net;pro;637469800-00006
Browning;Zephania;CP 769, 5055 Ut Avenue;Merbes-Sainte-Marie;29107;02 68 44 73 33;eu.neque.pellentesque@adipiscingfringillaporttitor.com;pro;414012716-00000
Brady;Ulla;Appartement 898-2053 Luctus Impasse;Saint-Louis;66328;05 70 16 29 54;elit@Inscelerisquescelerisque.ca;par;585985377-00001
Lynch;Briar;CP 944, 2104 Quis Ave;Perchtoldsdorf;6325;04 19 96 43 47;ligula.Donec@utipsumac.com;par;407868876-00001
Suarez;Jocelyn;7826 Rutrum Route;Slijpe;44836;01 04 19 33 02;vel.arcu.Curabitur@insodales.com;par;487540411-00005
Turner;Emi;768-8897 Sodales Ave;Palestrina;854869;01 46 91 47 89;Nunc.pulvinar@natoque.net;par;435325444-00006
Christensen;Laith;Appartement 714-3493 Risus. Rd.;Smoky Lake;78-135;02 06 43 51 51;at.libero@nisl.ca;pro;686318726-00003
Dillon;Malcolm;261-1556 Viverra. Av.;Allahabad;5952;08 13 43 18 36;Proin@semegetmassa.edu;pro;029969326-00007
Sanchez;Rinah;2790 Scelerisque Avenue;Bonneville;8796 ZN;04 58 31 11 71;et.pede.Nunc@Donecnonjusto.edu;par;888951449-00006
Skinner;Tanisha;CP 948, 3400 Nec Impasse;Coquimbo;59440;07 61 99 86 89;Etiam.imperdiet@acmattis.ca;pro;411309073-00004
Stafford;Hilel;619-8360 Massa. Avenue;Walhain-Saint-Paul;462479;04 89 24 96 93;vel@tellusAeneanegestas.co.uk;pro;195939624-00001
England;Amena;Appartement 872-3583 Placerat, Ave;Corvino San Quirico;791341;08 44 68 05 43;Suspendisse.ac.metus@auctorvelit.co.uk;par;944674571-00004
Carter;Jerry;Appartement 109-7531 Duis Route;Sainte-Ode;9238;07 64 77 97 21;nec@dapibusquamquis.com;par;742258932-00000
Duffy;Natalie;Appartement 960-1983 Convallis Av.;Roccanova;OA53 6ID;09 17 70 99 99;semper@nonvestibulum.ca;pro;681395711-00002
Lambert;Amy;4997 Lorem, Rd.;Sulzano;64534-516;02 32 87 32 96;dui@netusetmalesuada.co.uk;par;900025941-00007
Schroeder;Constance;482-7074 Convallis, Rue;Kawawachikamach;77654;06 29 86 87 94;eget.varius.ultrices@tempus.net;par;583950209-00002
Chambers;Imogene;CP 817, 3268 Mauris Ave;Campobasso;30113;05 66 19 46 76;fermentum.arcu.Vestibulum@in.net;pro;970294732-00007
Sanchez;Henry;Appartement 631-6093 Orci, Chemin;Grand Island;13-210;06 85 81 43 85;Vivamus@Donec.edu;pro;414192468-00000
Terrell;Ria;Appartement 890-996 Donec Av.;Temuka;5523;01 58 17 65 66;convallis.convallis.dolor@elitpretium.net;pro;901091223-00007
Maynard;Lunea;4988 Orci Ave;Annapolis Royal;293980;03 17 22 88 32;amet.metus.Aliquam@Fuscealiquam.org;par;653393876-00004
Navarro;Madeline;CP 515, 9471 Mauris Chemin;Ararat;60235-310;04 38 47 09 57;ultricies.dignissim@erat.edu;pro;966197774-00005
Figueroa;Talon;825-9893 Malesuada Chemin;Yahyalı;54735;05 40 51 07 84;vulputate.velit@acturpis.edu;pro;685417503-00008
Wade;Kaye;1368 Neque Chemin;Spruce Grove;714831;01 71 61 60 83;a@Aliquamvulputateullamcorper.net;pro;168510014-00009
Nolan;Eleanor;CP 491, 3563 Tempus Rd.;Burnie;30813;07 83 24 24 51;nisl@ametrisusDonec.org;pro;213662406-00007
Nash;Adam;345-7628 Est Avenue;Rosciano;2813 MK;05 12 71 07 46;consectetuer@egestasrhoncus.co.uk;par;140914284-00009
Greer;Imelda;Appartement 551-4617 Fusce Rd.;Maidenhead;03-261;04 44 15 97 57;arcu.Curabitur.ut@anteMaecenas.ca;pro;148955818-00007
Barry;Gretchen;647-2353 Tellus Ave;Bierk Bierghes;54349;07 21 91 28 63;lorem.lorem@ut.ca;pro;014150882-00000
Callahan;Holly;298-8468 Semper Impasse;Rezzoaglio;25323;06 42 92 96 15;Curabitur.consequat.lectus@rhoncusNullamvelit.ca;par;170514301-00002
Foreman;Jameson;829 Risus, Rue;Frankenthal;12-877;04 98 04 64 27;facilisis@ametdiameu.ca;par;916408917-00000
Oneill;Debra;Appartement 195-7633 Tempus Route;Port Moody;253998;08 12 38 69 88;enim@suscipit.edu;par;115506990-00007
Booth;Teegan;8684 Est. Rd.;San Antonio;60439;01 07 94 12 00;montes@vellectusCum.org;pro;585063043-00004
Livingston;Holmes;Appartement 763-136 A Rd.;Iqaluit;213374;01 98 64 04 35;cursus.luctus.ipsum@euultricessit.org;par;409802006-00000
Church;Neil;Appartement 754-3345 Eget, Av.;Sachs Harbour;968465;07 84 87 85 03;erat@dictumeu.com;pro;576683569-00007
Blanchard;Fletcher;4621 Vivamus Avenue;Penticton;5717;01 63 32 77 24;purus@sociis.com;par;681883260-00009
Yang;Kane;629-5498 Elit. Chemin;Bandırma;10657;09 60 22 03 87;risus@tinciduntvehicula.edu;pro;863325734-00003
Melton;Timon;CP 843, 5574 Sem, Impasse;Casnate con Bernate;96801;05 04 25 92 00;suscipit@Aliquamrutrum.ca;pro;939771630-00000
Hewitt;Marsden;3866 Aliquam Rue;Ramagundam;8436;01 75 67 79 00;vitae@urnaetarcu.ca;par;606294247-00006
Cooke;Mason;Appartement 423-9132 Mauris Rd.;Paillaco;8879;08 46 34 44 32;netus@sed.co.uk;par;438405193-00006
Brock;Norman;CP 402, 9976 Eget, Chemin;Palmerston North;77350;04 45 09 94 31;diam@feugiatnecdiam.ca;par;640446779-00004
Ford;Pascale;8180 Lorem Chemin;Tuktoyaktuk;49657;06 83 63 88 16;erat@pedeCumsociis.com;pro;557168150-00000
Ayers;Chastity;"Appartement 729-6852 Curae; Ave";Vanier;8725;01 00 93 70 58;tellus.Suspendisse.sed@ipsum.ca;pro;801795634-00006
Lynn;Courtney;CP 319, 2210 Quis, Rue;Bismil;19221;05 92 43 11 61;ut.nulla.Cras@Vivamusnisi.net;par;344145156-00008
Harrington;Rashad;6965 At, Ave;Lives-sur-Meuse;59588;03 27 36 33 17;Mauris.vestibulum.neque@nislarcu.net;pro;133666651-00004
Allen;Jeanette;CP 682, 4174 Purus. Route;Afşin;2375;09 66 82 86 26;Integer@musProinvel.com;par;690041363-00001
Prince;Donovan;Appartement 378-9394 Nulla Av.;Lloydminster;03648;08 50 60 19 41;pellentesque.massa@ultrices.net;par;766466775-00000
Sanders;Kristen;Appartement 563-8260 Mi, Av.;Rödermark;91-841;02 45 97 46 17;eu.neque.pellentesque@Etiamvestibulummassa.ca;pro;895557239-00004
Calhoun;Susan;6579 Vestibulum Route;Remscheid;91-673;01 09 67 48 32;egestas.Aliquam@Duis.co.uk;pro;700713795-00008
Walton;Leandra;Appartement 985-8694 Phasellus Rd.;Weyburn;11290;02 49 44 07 92;sit.amet@est.net;par;738230671-00005